,Unnamed: 0,as_path,no_of_hops,relationships,validity
0,0,"15625,1273,2914,3257,8075",3,"['c-p', 'p-p', 'p-p', 'p-c']",False
1,1,"15625,1273,2914,51088,8075",3,"['c-p', 'p-p', 'p-c', 'p-p']",False
2,2,"15625,1273,2914,12779,8075",3,"['c-p', 'p-p', 'p-c', 'p-p']",False
3,3,"15625,1273,2914,38880,8075",3,"['c-p', 'p-p', 'p-c', 'p-p']",False
4,4,"15625,1273,2914,6830,8075",3,"['c-p', 'p-p', 'p-p', 'p-p']",False
5,5,"15625,1273,2914,199524,8075",3,"['c-p', 'p-p', 'p-c', 'p-p']",False
6,6,"15625,1273,2914,16552,8075",3,"['c-p', 'p-p', 'p-c', 'p-p']",False
7,7,"15625,1273,2914,37271,8075",3,"['c-p', 'p-p', 'p-c', 'p-p']",False
8,8,"15625,1273,2914,49544,8075",3,"['c-p', 'p-p', 'p-c', 'p-p']",False
9,9,"15625,1273,2914,3491,8075",3,"['c-p', 'p-p', 'p-p', 'p-c']",False
10,10,"15625,1273,2914,1257,8075",3,"['c-p', 'p-p', 'p-p', 'p-p']",False
11,11,"15625,1273,2914,6461,8075",3,"['c-p', 'p-p', 'p-p', 'p-p']",False
12,12,"15625,1273,2914,3320,8075",3,"['c-p', 'p-p', 'p-p', 'p-p']",False
13,13,"15625,1273,2914,36236,8075",3,"['c-p', 'p-p', 'p-c', None]",False
14,14,"15625,1273,2914,701,8075",3,"['c-p', 'p-p', 'p-p', None]",False
15,15,"15625,1273,2914,3356,8075",3,"['c-p', 'p-p', 'p-p', 'p-c']",False
16,16,"15625,1273,2914,50629,8075",3,"['c-p', 'p-p', 'p-c', 'p-p']",False
17,17,"15625,1273,2914,25160,8075",3,"['c-p', 'p-p', 'p-c', 'p-p']",False
18,18,"15625,1273,2914,24482,8075",3,"['c-p', 'p-p', 'p-c', 'p-p']",False
19,19,"15625,1273,2914,6908,8075",3,"['c-p', 'p-p', 'p-c', 'p-p']",False
20,20,"15625,1273,2914,8455,8075",3,"['c-p', 'p-p', 'p-c', 'p-p']",False
21,21,"15625,1273,2914,12956,8075",3,"['c-p', 'p-p', 'p-p', 'p-c']",False
22,22,"15625,1273,2914,8283,8075",3,"['c-p', 'p-p', 'p-p', 'p-p']",False
23,23,"15625,1273,2914,6696,8075",3,"['c-p', 'p-p', 'p-c', 'p-p']",False
24,24,"15625,1273,2914,14907,8075",3,"['c-p', 'p-p', 'p-c', 'p-p']",False
25,25,"15625,1273,2914,55720,8075",3,"['c-p', 'p-p', 'p-c', 'p-p']",False
26,26,"15625,1273,2914,50300,8075",3,"['c-p', 'p-p', 'p-c', 'p-p']",False
27,27,"15625,1273,2914,7018,8075",3,"['c-p', 'p-p', 'p-p', 'p-c']",False
28,28,"15625,1273,2914,852,8075",3,"['c-p', 'p-p', 'p-c', 'p-p']",False
29,29,"15625,1273,2914,37721,8075",3,"['c-p', 'p-p', 'p-c', 'p-p']",False
30,30,"15625,1273,2914,38001,8075",3,"['c-p', 'p-p', 'p-c', 'p-p']",False
31,31,"15625,1273,2914,12859,8075",3,"['c-p', 'p-p', 'p-c', 'p-p']",False
32,32,"15625,1273,2914,47147,8075",3,"['c-p', 'p-p', 'p-c', 'p-p']",False
33,33,"15625,1273,2914,3399,8075",3,"['c-p', 'p-p', 'p-c', 'p-p']",False
34,34,"15625,1273,2914,30781,8075",3,"['c-p', 'p-p', 'p-c', 'p-p']",False
35,35,"15625,1273,3356,8075",2,"['c-p', 'p-p', 'p-c']",True
36,36,"15625,1273,3356,8888,8075",3,"['c-p', 'p-p', 'p-c', 'p-p']",False
37,37,"15625,1273,3356,267613,8075",3,"['c-p', 'p-p', 'p-c', 'p-p']",False
38,38,"15625,1273,3356,1299,8075",3,"['c-p', 'p-p', 'p-p', 'p-c']",False
39,39,"15625,1273,3356,6830,8075",3,"['c-p', 'p-p', 'p-p', 'p-p']",False
40,40,"15625,1273,3356,3399,8075",3,"['c-p', 'p-p', 'p-c', 'p-p']",False
41,41,"15625,1273,3356,37271,8075",3,"['c-p', 'p-p', 'p-c', 'p-p']",False
42,42,"15625,1273,3356,9002,8075",3,"['c-p', 'p-p', 'p-c', 'p-p']",False
43,43,"15625,1273,3356,31027,8075",3,"['c-p', 'p-p', 'p-c', None]",False
44,44,"15625,1273,3356,49544,8075",3,"['c-p', 'p-p', 'p-c', 'p-p']",False
45,45,"15625,1273,3356,24961,8075",3,"['c-p', 'p-p', 'p-c', 'p-p']",False
46,46,"15625,1273,3356,701,8075",3,"['c-p', 'p-p', 'p-p', None]",False
47,47,"15625,1273,3356,38008,8075",3,"['c-p', 'p-p', 'p-c', None]",False
48,48,"15625,1273,3356,6453,8075",3,"['c-p', 'p-p', 'p-p', 'p-c']",False
49,49,"15625,1273,3356,8932,8075",3,"['c-p', 'p-p', 'p-c', None]",False
50,50,"15625,1273,3356,34549,8075",3,"['c-p', 'p-p', 'p-c', 'p-p']",False
51,51,"15625,1273,3356,174,8075",3,"['c-p', 'p-p', 'p-p', 'p-c']",False
52,52,"15625,1273,3356,6939,8075",3,"['c-p', 'p-p', 'p-c', 'p-p']",False
53,53,"15625,1273,3356,20764,8075",3,"['c-p', 'p-p', 'p-c', 'p-p']",False
54,54,"15625,1273,3356,36236,8075",3,"['c-p', 'p-p', 'p-c', None]",False
55,55,"15625,1273,3356,50628,8075",3,"['c-p', 'p-p', 'p-c', 'p-p']",False
56,56,"15625,1273,3356,59605,8075",3,"['c-p', 'p-p', 'p-c', 'p-p']",False
57,57,"15625,1273,3356,8455,8075",3,"['c-p', 'p-p', 'p-c', 'p-p']",False
58,58,"15625,1273,3356,13830,8075",3,"['c-p', 'p-p', 'p-c', 'p-p']",False
59,59,"15625,1273,3356,852,8075",3,"['c-p', 'p-p', 'p-c', 'p-p']",False
60,60,"15625,1273,3356,30781,8075",3,"['c-p', 'p-p', 'p-c', 'p-p']",False
61,61,"15625,1273,3356,56655,8075",3,"['c-p', 'p-p', 'p-c', 'p-p']",False
62,62,"15625,1273,3356,14907,8075",3,"['c-p', 'p-p', 'p-c', 'p-p']",False
63,63,"15625,1273,3356,50300,8075",3,"['c-p', 'p-p', 'p-c', 'p-p']",False
64,64,"15625,1273,3356,17639,8075",3,"['c-p', 'p-p', 'p-c', 'p-p']",False
65,65,"15625,1273,3356,3216,8075",3,"['c-p', 'p-p', 'p-c', 'p-p']",False
66,66,"15625,1273,3356,3491,8075",3,"['c-p', 'p-p', 'p-p', 'p-c']",False
67,67,"15625,1273,3356,3257,8075",3,"['c-p', 'p-p', 'p-p', 'p-c']",False
68,68,"15625,1273,2603,1103,8075",3,"['c-p', 'p-p', 'p-p', 'p-p']",False
69,69,"15625,1273,1299,8888,8075",3,"['c-p', 'c-p', 'p-c', 'p-p']",False
70,70,"15625,1273,1299,8075",2,"['c-p', 'c-p', 'p-c']",True
71,71,"15625,1273,1299,12859,8075",3,"['c-p', 'c-p', 'p-c', 'p-p']",False
72,72,"15625,1273,1299,42541,8075",3,"['c-p', 'c-p', 'p-c', 'p-p']",False
73,73,"15625,1273,1299,16552,8075",3,"['c-p', 'c-p', 'p-c', 'p-p']",False
74,74,"15625,1273,1299,58511,8075",3,"['c-p', 'c-p', 'p-c', 'p-p']",False
75,75,"15625,1273,1299,199524,8075",3,"['c-p', 'c-p', 'p-c', 'p-p']",False
76,76,"15625,1273,1299,267613,8075",3,"['c-p', 'c-p', 'p-c', 'p-p']",False
77,77,"15625,1273,1299,49544,8075",3,"['c-p', 'c-p', 'p-c', 'p-p']",False
78,78,"15625,1273,1299,6830,8075",3,"['c-p', 'c-p', 'p-p', 'p-p']",False
79,79,"15625,1273,1299,3356,8075",3,"['c-p', 'c-p', 'p-p', 'p-c']",True
80,80,"15625,1273,1299,174,8075",3,"['c-p', 'c-p', 'p-p', 'p-c']",True
81,81,"15625,1273,1299,3257,8075",3,"['c-p', 'c-p', 'p-p', 'p-c']",True
82,82,"15625,1273,1299,9002,8075",3,"['c-p', 'c-p', 'p-p', 'p-p']",False
83,83,"15625,1273,1299,31027,8075",3,"['c-p', 'c-p', 'p-c', None]",False
84,84,"15625,1273,1299,14840,8075",3,"['c-p', 'c-p', 'p-c', None]",False
85,85,"15625,1273,1299,50629,8075",3,"['c-p', 'c-p', 'p-c', 'p-p']",False
86,86,"15625,1273,1299,3214,8075",3,"['c-p', 'c-p', 'p-c', 'p-p']",False
87,87,"15625,1273,1299,30950,8075",3,"['c-p', 'c-p', 'p-c', None]",False
88,88,"15625,1273,1299,29049,8075",3,"['c-p', 'c-p', 'p-c', None]",False
89,89,"15625,1273,1299,6758,8075",3,"['c-p', 'c-p', 'p-c', None]",False
90,90,"15625,1273,1299,34549,8075",3,"['c-p', 'c-p', 'p-c', 'p-p']",False
91,91,"15625,1273,1299,6939,8075",3,"['c-p', 'c-p', 'p-c', 'p-p']",False
92,92,"15625,1273,1299,24961,8075",3,"['c-p', 'c-p', 'p-c', 'p-p']",False
93,93,"15625,1273,1299,3491,8075",3,"['c-p', 'c-p', 'p-p', 'p-c']",True
94,94,"15625,1273,1299,45489,8075",3,"['c-p', 'c-p', 'p-c', None]",False
95,95,"15625,1273,1299,7029,8075",3,"['c-p', 'c-p', 'p-c', 'p-p']",False
96,96,"15625,1273,1299,1257,8075",3,"['c-p', 'c-p', 'p-p', 'p-p']",False
97,97,"15625,1273,1299,6461,8075",3,"['c-p', 'c-p', 'p-p', 'p-p']",False
98,98,"15625,1273,1299,47787,8075",3,"['c-p', 'c-p', 'p-c', 'p-p']",False
99,99,"15625,1273,1299,50628,8075",3,"['c-p', 'c-p', 'p-c', 'p-p']",False
100,100,"15625,1273,1299,39351,8075",3,"['c-p', 'c-p', 'p-c', 'p-p']",False
101,101,"15625,1273,1299,15435,8075",3,"['c-p', 'c-p', 'p-c', 'p-p']",False
102,102,"15625,1273,1299,47147,8075",3,"['c-p', 'c-p', 'p-c', 'p-p']",False
103,103,"15625,1273,1299,205206,8075",3,"['c-p', 'c-p', 'p-c', 'p-p']",False
104,104,"15625,1273,1299,59605,8075",3,"['c-p', 'c-p', 'p-c', 'p-p']",False
105,105,"15625,1273,1299,25160,8075",3,"['c-p', 'c-p', 'p-c', 'p-p']",False
106,106,"15625,1273,1299,3216,8075",3,"['c-p', 'c-p', 'p-c', 'p-p']",False
107,107,"15625,1273,1299,6453,8075",3,"['c-p', 'c-p', 'p-p', 'p-c']",True
108,108,"15625,1273,1299,14907,8075",3,"['c-p', 'c-p', 'p-c', 'p-p']",False
109,109,"15625,1273,1299,8455,8075",3,"['c-p', 'c-p', 'p-c', 'p-p']",False
110,110,"15625,1273,1299,50304,8075",3,"['c-p', 'c-p', 'p-c', 'p-p']",False
111,111,"15625,1273,1299,7018,8075",3,"['c-p', 'c-p', 'p-p', 'p-c']",True
112,112,"15625,1273,1299,20514,8075",3,"['c-p', 'c-p', 'p-c', 'p-p']",False
113,113,"15625,1273,1299,57866,8075",3,"['c-p', 'c-p', 'p-c', 'p-p']",False
114,114,"15625,1273,1299,37721,8075",3,"['c-p', 'c-p', 'p-c', 'p-p']",False
115,115,"15625,1273,1299,48362,8075",3,"['c-p', 'c-p', 'p-c', 'p-p']",False
116,116,"15625,1273,1299,22652,8075",3,"['c-p', 'c-p', 'p-c', 'p-p']",False
117,117,"15625,1273,1299,30781,8075",3,"['c-p', 'c-p', 'p-c', 'p-p']",False
118,118,"15625,1273,1299,6696,8075",3,"['c-p', 'c-p', 'p-c', 'p-p']",False
119,119,"15625,1273,1299,1403,8075",3,"['c-p', 'c-p', 'p-c', 'p-p']",False
120,120,"15625,1273,1299,20205,8075",3,"['c-p', 'c-p', 'p-c', 'p-p']",False
121,121,"15625,1273,1299,852,8075",3,"['c-p', 'c-p', 'p-c', 'p-p']",False
122,122,"15625,1273,1299,4826,8075",3,"['c-p', 'c-p', 'p-c', 'p-c']",True
123,123,"15625,1273,49544,8075",2,"['c-p', 'p-p', 'p-p']",False
124,124,"15625,1273,49544,1299,8075",3,"['c-p', 'p-p', 'c-p', 'p-c']",False
125,125,"15625,1273,49544,3356,8075",3,"['c-p', 'p-p', 'c-p', 'p-c']",False
126,126,"15625,1273,49544,174,8075",3,"['c-p', 'p-p', 'c-p', 'p-c']",False
127,127,"15625,1273,6830,8075",2,"['c-p', 'p-p', 'p-p']",False
128,128,"15625,1273,6830,1103,8075",3,"['c-p', 'p-p', 'p-c', 'p-p']",False
129,129,"15625,1273,6830,1299,8075",3,"['c-p', 'p-p', 'p-p', 'p-c']",False
130,130,"15625,1273,6830,3356,8075",3,"['c-p', 'p-p', 'p-p', 'p-c']",False
131,131,"15625,1273,6830,6453,8075",3,"['c-p', 'p-p', 'p-p', 'p-c']",False
132,132,"15625,1273,6830,8888,8075",3,"['c-p', 'p-p', 'p-c', 'p-p']",False
133,133,"15625,1273,6830,3214,8075",3,"['c-p', 'p-p', 'p-c', 'p-p']",False
134,134,"15625,1273,37271,8075",2,"['c-p', 'p-p', 'p-p']",False
135,135,"15625,1273,37271,3356,8075",3,"['c-p', 'p-p', 'c-p', 'p-c']",False
136,136,"15625,1273,37271,36236,8075",3,"['c-p', 'p-p', 'p-c', None]",False
137,137,"15625,1273,174,8075",2,"['c-p', 'p-p', 'p-c']",True
138,138,"15625,1273,174,58057,8075",3,"['c-p', 'p-p', 'p-c', None]",False
139,139,"15625,1273,174,39591,8075",3,"['c-p', 'p-p', 'p-c', None]",False
140,140,"15625,1273,174,267613,8075",3,"['c-p', 'p-p', 'p-c', 'p-p']",False
141,141,"15625,1273,174,1299,8075",3,"['c-p', 'p-p', 'p-p', 'p-c']",False
142,142,"15625,1273,174,45489,8075",3,"['c-p', 'p-p', 'p-c', None]",False
143,143,"15625,1273,174,56457,8075",3,"['c-p', 'p-p', 'p-c', None]",False
144,144,"15625,1273,174,38008,8075",3,"['c-p', 'p-p', 'p-c', None]",False
145,145,"15625,1273,174,20764,8075",3,"['c-p', 'p-p', 'p-c', 'p-p']",False
146,146,"15625,1273,174,39384,8075",3,"['c-p', 'p-p', 'p-c', None]",False
147,147,"15625,1273,174,47787,8075",3,"['c-p', 'p-p', 'p-c', 'p-p']",False
148,148,"15625,1273,174,49544,8075",3,"['c-p', 'p-p', 'p-c', 'p-p']",False
149,149,"15625,1273,174,3356,8075",3,"['c-p', 'p-p', 'p-p', 'p-c']",False
150,150,"15625,1273,174,39351,8075",3,"['c-p', 'p-p', 'p-c', 'p-p']",False
151,151,"15625,1273,174,50673,8075",3,"['c-p', 'p-p', 'p-c', 'p-p']",False
152,152,"15625,1273,174,22652,8075",3,"['c-p', 'p-p', 'p-c', 'p-p']",False
153,153,"15625,1273,174,13830,8075",3,"['c-p', 'p-p', 'p-c', 'p-p']",False
154,154,"15625,1273,174,17639,8075",3,"['c-p', 'p-p', 'p-c', 'p-p']",False
155,155,"15625,1273,174,134823,8075",3,"['c-p', 'p-p', 'p-c', None]",False
156,156,"15625,1273,174,29049,8075",3,"['c-p', 'p-p', 'p-c', None]",False
157,157,"15625,1273,174,60171,8075",3,"['c-p', 'p-p', 'p-c', 'p-p']",False
158,158,"15625,1273,24785,1140,8075",3,"['c-p', 'p-c', 'p-c', 'p-p']",False
159,159,"15625,1273,24785,6830,8075",3,"['c-p', 'p-c', 'c-p', 'p-p']",False
160,160,"15625,1273,3257,8075",2,"['c-p', 'p-p', 'p-c']",True
161,161,"15625,1273,3257,38008,8075",3,"['c-p', 'p-p', None, None]",False
162,162,"15625,1273,3257,3399,8075",3,"['c-p', 'p-p', 'p-c', 'p-p']",False
163,163,"15625,1273,3257,1299,8075",3,"['c-p', 'p-p', 'p-p', 'p-c']",False
164,164,"15625,1273,3257,6453,8075",3,"['c-p', 'p-p', 'p-p', 'p-c']",False
165,165,"15625,1273,3257,36236,8075",3,"['c-p', 'p-p', 'p-c', None]",False
166,166,"15625,1273,3257,50300,8075",3,"['c-p', 'p-p', 'p-c', 'p-p']",False
167,167,"15625,1273,3257,852,8075",3,"['c-p', 'p-p', 'p-c', 'p-p']",False
168,168,"15625,1273,3257,22652,8075",3,"['c-p', 'p-p', 'p-c', 'p-p']",False
169,169,"15625,1273,3257,12779,8075",3,"['c-p', 'p-p', 'p-c', 'p-p']",False
170,170,"15625,1273,3257,39591,8075",3,"['c-p', 'p-p', 'p-c', None]",False
171,171,"15625,1273,3257,58511,8075",3,"['c-p', 'p-p', 'p-c', 'p-p']",False
172,172,"15625,1273,3257,3356,8075",3,"['c-p', 'p-p', 'p-p', 'p-c']",False
173,173,"15625,1273,3257,1103,8075",3,"['c-p', 'p-p', 'p-c', 'p-p']",False
174,174,"15625,1273,9002,8075",2,"['c-p', 'p-p', 'p-p']",False
175,175,"15625,1273,9002,1299,8075",3,"['c-p', 'p-p', 'p-p', 'p-c']",False
176,176,"15625,1273,9002,3356,8075",3,"['c-p', 'p-p', 'c-p', 'p-c']",False
177,177,"15625,1273,9002,8932,8075",3,"['c-p', 'p-p', 'p-c', None]",False
178,178,"15625,1273,9002,48362,8075",3,"['c-p', 'p-p', 'p-c', 'p-p']",False
179,179,"15625,1273,47957,8075",2,"['c-p', 'p-p', 'p-p']",False
180,180,"15625,1273,6939,8075",2,"['c-p', 'p-p', 'p-p']",False
181,181,"15625,1273,6939,60171,8075",3,"['c-p', 'p-p', 'p-c', 'p-p']",False
182,182,"15625,1273,6939,138195,8075",3,"['c-p', 'p-p', 'p-c', None]",False
183,183,"15625,1273,6939,134823,8075",3,"['c-p', 'p-p', 'p-c', None]",False
184,184,"15625,1273,6939,3212,8075",3,"['c-p', 'p-p', 'p-c', None]",False
185,185,"15625,1273,6939,1299,8075",3,"['c-p', 'p-p', 'c-p', 'p-c']",False
186,186,"15625,1273,6939,3356,8075",3,"['c-p', 'p-p', 'c-p', 'p-c']",False
187,187,"15625,1273,6939,55720,8075",3,"['c-p', 'p-p', 'p-c', 'p-p']",False
188,188,"15625,1273,6939,56655,8075",3,"['c-p', 'p-p', 'p-c', 'p-p']",False
189,189,"15625,1273,6939,20205,8075",3,"['c-p', 'p-p', 'p-c', 'p-p']",False
190,190,"15625,1273,6939,38001,8075",3,"['c-p', 'p-p', 'p-c', 'p-p']",False
191,191,"15625,1273,6939,37721,8075",3,"['c-p', 'p-p', 'p-c', 'p-p']",False
192,192,"15625,1273,701,8075",2,"['c-p', 'p-p', None]",False
193,193,"15625,1273,701,3491,8075",3,"['c-p', 'p-p', 'p-p', 'p-c']",False
194,194,"15625,1273,701,3356,8075",3,"['c-p', 'p-p', 'p-p', 'p-c']",False
195,195,"15625,1273,701,7018,8075",3,"['c-p', 'p-p', 'p-p', 'p-c']",False
196,196,"15625,1273,3491,55720,8075",3,"['c-p', 'p-p', 'p-c', 'p-p']",False
197,197,"15625,1273,3491,8075",2,"['c-p', 'p-p', 'p-c']",True
198,198,"15625,1273,3491,197580,8075",3,"['c-p', 'p-p', 'p-c', None]",False
199,199,"15625,1273,3491,134823,8075",3,"['c-p', 'p-p', 'p-c', None]",False
200,200,"15625,1273,3491,701,8075",3,"['c-p', 'p-p', 'p-p', None]",False
201,201,"15625,1273,3491,1299,8075",3,"['c-p', 'p-p', 'p-p', 'p-c']",False
202,202,"15625,1273,3491,38001,8075",3,"['c-p', 'p-p', 'p-c', 'p-p']",False
203,203,"15625,1273,3491,17639,8075",3,"['c-p', 'p-p', 'p-c', 'p-p']",False
204,204,"15625,1273,3491,60171,8075",3,"['c-p', 'p-p', 'p-c', 'p-p']",False
205,205,"15625,1273,3491,58511,8075",3,"['c-p', 'p-p', 'p-c', 'p-p']",False
206,206,"15625,1273,3491,3356,8075",3,"['c-p', 'p-p', 'p-p', 'p-c']",False
207,207,"15625,1273,3491,6453,8075",3,"['c-p', 'p-p', 'p-p', 'p-c']",False
208,208,"15625,1273,3491,38008,8075",3,"['c-p', 'p-p', 'p-p', None]",False
209,209,"15625,1273,29049,8075",2,"['c-p', 'p-c', None]",False
210,210,"15625,1273,29049,34984,8075",3,"['c-p', 'p-c', 'c-p', None]",False
211,211,"15625,1273,29049,1299,8075",3,"['c-p', 'p-c', 'c-p', 'p-c']",False
212,212,"15625,1273,29049,20764,8075",3,"['c-p', 'p-c', 'c-p', 'p-p']",False
213,213,"15625,1273,29049,174,8075",3,"['c-p', 'p-c', 'c-p', 'p-c']",False
214,214,"15625,1273,6758,8075",2,"['c-p', 'p-c', None]",False
215,215,"15625,1273,6758,1299,8075",3,"['c-p', 'p-c', 'c-p', 'p-c']",False
216,216,"15625,1273,6453,8075",2,"['c-p', 'p-p', 'p-c']",True
217,217,"15625,1273,6453,3257,8075",3,"['c-p', 'p-p', 'p-p', 'p-c']",False
218,218,"15625,1273,6453,4755,8075",3,"['c-p', 'p-p', 'p-c', 'p-c']",True
219,219,"15625,1273,6453,3356,8075",3,"['c-p', 'p-p', 'p-p', 'p-c']",False
220,220,"15625,1273,6453,50628,8075",3,"['c-p', 'p-p', 'p-c', 'p-p']",False
221,221,"15625,1273,6453,6461,8075",3,"['c-p', 'p-p', 'p-p', 'p-p']",False
222,222,"15625,1273,6453,3320,8075",3,"['c-p', 'p-p', 'p-p', 'p-p']",False
223,223,"15625,1273,6453,1299,8075",3,"['c-p', 'p-p', 'p-p', 'p-c']",False
224,224,"15625,1273,6453,8283,8075",3,"['c-p', 'p-p', 'p-p', 'p-p']",False
225,225,"15625,1273,6453,50673,8075",3,"['c-p', 'p-p', 'p-c', 'p-p']",False
226,226,"15625,1273,6453,57866,8075",3,"['c-p', 'p-p', 'p-c', 'p-p']",False
227,227,"15625,1273,6453,1403,8075",3,"['c-p', 'p-p', 'p-c', 'p-p']",False
228,228,"15625,1273,6453,6830,8075",3,"['c-p', 'p-p', 'p-p', 'p-p']",False
229,229,"15625,1273,6453,3491,8075",3,"['c-p', 'p-p', 'p-p', 'p-c']",False
230,230,"15625,1273,5511,34549,8075",3,"['c-p', 'p-p', 'p-c', 'p-p']",False
231,231,"15625,1273,5511,37721,8075",3,"['c-p', 'p-p', 'p-c', 'p-p']",False
232,232,"15625,1273,5511,30781,8075",3,"['c-p', 'p-p', 'p-c', 'p-p']",False
233,233,"15625,1273,1257,8075",2,"['c-p', 'p-p', 'p-p']",False
234,234,"15625,1273,1257,1299,8075",3,"['c-p', 'p-p', 'p-p', 'p-c']",False
235,235,"15625,1273,6461,8075",2,"['c-p', 'p-p', 'p-p']",False
236,236,"15625,1273,6461,835,8075",3,"['c-p', 'p-p', 'p-c', None]",False
237,237,"15625,1273,6461,1299,8075",3,"['c-p', 'p-p', 'p-p', 'p-c']",False
238,238,"15625,1273,6461,6453,8075",3,"['c-p', 'p-p', 'p-p', 'p-c']",False
239,239,"15625,1273,6461,8218,8075",3,"['c-p', 'p-p', 'p-c', 'p-p']",False
240,240,"15625,1273,6461,1403,8075",3,"['c-p', 'p-p', 'p-c', 'p-p']",False
241,241,"15625,1273,6461,7029,8075",3,"['c-p', 'p-p', 'p-c', 'p-p']",False
242,242,"15625,1273,9304,17639,8075",3,"['c-p', 'p-c', 'p-c', 'p-p']",False
243,243,"15625,1273,58453,8075",2,"['c-p', 'p-p', 'p-p']",False
244,244,"15625,1273,3320,8075",2,"['c-p', 'p-p', 'p-p']",False
245,245,"15625,1273,3320,35710,8075",3,"['c-p', 'p-p', 'p-c', 'p-p']",False
246,246,"15625,1273,3320,6453,8075",3,"['c-p', 'p-p', 'p-p', 'p-c']",False
247,247,"15625,1273,3320,24961,8075",3,"['c-p', 'p-p', 'p-c', 'p-p']",False
248,248,"15625,1273,15924,8075",2,"['c-p', 'p-c', None]",False
249,249,"15625,1273,34019,8075",2,"['c-p', 'p-p', 'p-p']",False
250,250,"15625,1273,34019,8218,8075",3,"['c-p', 'p-p', 'c-p', 'p-p']",False
251,251,"15625,1273,6762,14840,8075",3,"['c-p', 'p-p', 'p-c', None]",False
252,252,"15625,1273,6762,56457,8075",3,"['c-p', 'p-p', 'p-c', None]",False
253,253,"15625,1273,6762,174,8075",3,"['c-p', 'p-p', 'p-p', 'p-c']",False
254,254,"15625,1273,6762,51185,8075",3,"['c-p', 'p-p', 'p-c', 'p-p']",False
255,255,"15625,1273,6762,14907,8075",3,"['c-p', 'p-p', 'p-p', 'p-p']",False
256,256,"15625,1273,6762,3356,8075",3,"['c-p', 'p-p', 'p-p', 'p-c']",False
257,257,"15625,1273,6762,60171,8075",3,"['c-p', 'p-p', 'p-c', 'p-p']",False
258,258,"15625,1273,6762,47787,8075",3,"['c-p', 'p-p', 'p-c', 'p-p']",False
259,259,"15625,1273,31500,3356,8075",3,"['c-p', 'p-c', 'c-p', 'p-c']",False
260,260,"15625,1273,200780,8075",2,"['c-p', 'p-p', 'p-p']",False
261,261,"15625,1273,33891,205206,8075",3,"['c-p', 'p-p', 'p-c', 'p-p']",False
262,262,"15625,1273,12956,8075",2,"['c-p', 'p-p', 'p-c']",True
263,263,"15625,1273,3216,8075",2,"['c-p', 'p-c', 'p-p']",False
264,264,"15625,1273,3216,1299,8075",3,"['c-p', 'p-c', 'c-p', 'p-c']",False
265,265,"15625,1273,3216,3356,8075",3,"['c-p', 'p-c', 'c-p', 'p-c']",False
266,266,"15625,1273,8283,8075",2,"['c-p', 'p-p', 'p-p']",False
267,267,"15625,1273,8283,57866,8075",3,"['c-p', 'p-p', 'c-p', 'p-p']",False
268,268,"15625,1273,8283,6453,8075",3,"['c-p', 'p-p', 'p-p', 'p-c']",False
269,269,"15625,1273,14907,8075",2,"['c-p', 'p-p', 'p-p']",False
270,270,"15625,1273,14907,1299,8075",3,"['c-p', 'p-p', 'c-p', 'p-c']",False
271,271,"15625,1273,14907,3356,8075",3,"['c-p', 'p-p', 'c-p', 'p-c']",False
272,272,"15625,1273,50628,8075",2,"['c-p', 'p-p', 'p-p']",False
273,273,"15625,1273,50628,6453,8075",3,"['c-p', 'p-p', 'c-p', 'p-c']",False
274,274,"15625,1273,50628,1299,8075",3,"['c-p', 'p-p', 'c-p', 'p-c']",False
275,275,"15625,1273,50628,3356,8075",3,"['c-p', 'p-p', 'c-p', 'p-c']",False
276,276,"15625,1273,60068,6453,8075",3,"['c-p', 'p-p', 'c-p', 'p-c']",False
277,277,"15625,1273,60068,1299,8075",3,"['c-p', 'p-p', 'c-p', 'p-c']",False
278,278,"15625,1273,60068,174,8075",3,"['c-p', 'p-p', 'c-p', 'p-c']",False
279,279,"15625,1273,60068,3257,8075",3,"['c-p', 'p-p', 'c-p', 'p-c']",False
280,280,"15625,1273,3333,1257,8075",3,"['c-p', 'p-p', 'c-p', 'p-p']",False
281,281,"15625,1273,41327,59919,8075",3,"['c-p', 'p-p', 'p-c', 'p-p']",False
282,282,"15625,1273,4637,6453,8075",3,"['c-p', 'p-p', 'p-p', 'p-c']",False
283,283,"15625,1273,7922,701,8075",3,"['c-p', 'p-p', 'p-p', None]",False
284,284,"15625,1273,7922,1299,8075",3,"['c-p', 'p-p', 'p-p', 'p-c']",False
285,285,"15625,702,2914,3257,8075",3,"['c-p', 'p-p', 'p-p', 'p-c']",False
286,286,"15625,702,2914,51088,8075",3,"['c-p', 'p-p', 'p-c', 'p-p']",False
287,287,"15625,702,2914,12779,8075",3,"['c-p', 'p-p', 'p-c', 'p-p']",False
288,288,"15625,702,2914,38880,8075",3,"['c-p', 'p-p', 'p-c', 'p-p']",False
289,289,"15625,702,2914,6830,8075",3,"['c-p', 'p-p', 'p-p', 'p-p']",False
290,290,"15625,702,2914,199524,8075",3,"['c-p', 'p-p', 'p-c', 'p-p']",False
291,291,"15625,702,2914,16552,8075",3,"['c-p', 'p-p', 'p-c', 'p-p']",False
292,292,"15625,702,2914,37271,8075",3,"['c-p', 'p-p', 'p-c', 'p-p']",False
293,293,"15625,702,2914,49544,8075",3,"['c-p', 'p-p', 'p-c', 'p-p']",False
294,294,"15625,702,2914,3491,8075",3,"['c-p', 'p-p', 'p-p', 'p-c']",False
295,295,"15625,702,2914,1257,8075",3,"['c-p', 'p-p', 'p-p', 'p-p']",False
296,296,"15625,702,2914,6461,8075",3,"['c-p', 'p-p', 'p-p', 'p-p']",False
297,297,"15625,702,2914,3320,8075",3,"['c-p', 'p-p', 'p-p', 'p-p']",False
298,298,"15625,702,2914,36236,8075",3,"['c-p', 'p-p', 'p-c', None]",False
299,299,"15625,702,2914,701,8075",3,"['c-p', 'p-p', 'p-p', None]",False
300,300,"15625,702,2914,3356,8075",3,"['c-p', 'p-p', 'p-p', 'p-c']",False
301,301,"15625,702,2914,50629,8075",3,"['c-p', 'p-p', 'p-c', 'p-p']",False
302,302,"15625,702,2914,25160,8075",3,"['c-p', 'p-p', 'p-c', 'p-p']",False
303,303,"15625,702,2914,24482,8075",3,"['c-p', 'p-p', 'p-c', 'p-p']",False
304,304,"15625,702,2914,6908,8075",3,"['c-p', 'p-p', 'p-c', 'p-p']",False
305,305,"15625,702,2914,8455,8075",3,"['c-p', 'p-p', 'p-c', 'p-p']",False
306,306,"15625,702,2914,12956,8075",3,"['c-p', 'p-p', 'p-p', 'p-c']",False
307,307,"15625,702,2914,8283,8075",3,"['c-p', 'p-p', 'p-p', 'p-p']",False
308,308,"15625,702,2914,6696,8075",3,"['c-p', 'p-p', 'p-c', 'p-p']",False
309,309,"15625,702,2914,14907,8075",3,"['c-p', 'p-p', 'p-c', 'p-p']",False
310,310,"15625,702,2914,55720,8075",3,"['c-p', 'p-p', 'p-c', 'p-p']",False
311,311,"15625,702,2914,50300,8075",3,"['c-p', 'p-p', 'p-c', 'p-p']",False
312,312,"15625,702,2914,7018,8075",3,"['c-p', 'p-p', 'p-p', 'p-c']",False
313,313,"15625,702,2914,852,8075",3,"['c-p', 'p-p', 'p-c', 'p-p']",False
314,314,"15625,702,2914,37721,8075",3,"['c-p', 'p-p', 'p-c', 'p-p']",False
315,315,"15625,702,2914,38001,8075",3,"['c-p', 'p-p', 'p-c', 'p-p']",False
316,316,"15625,702,2914,12859,8075",3,"['c-p', 'p-p', 'p-c', 'p-p']",False
317,317,"15625,702,2914,47147,8075",3,"['c-p', 'p-p', 'p-c', 'p-p']",False
318,318,"15625,702,2914,3399,8075",3,"['c-p', 'p-p', 'p-c', 'p-p']",False
319,319,"15625,702,2914,30781,8075",3,"['c-p', 'p-p', 'p-c', 'p-p']",False
320,320,"15625,702,174,8075",2,"['c-p', 'p-p', 'p-c']",True
321,321,"15625,702,174,58057,8075",3,"['c-p', 'p-p', 'p-c', None]",False
322,322,"15625,702,174,39591,8075",3,"['c-p', 'p-p', 'p-c', None]",False
323,323,"15625,702,174,267613,8075",3,"['c-p', 'p-p', 'p-c', 'p-p']",False
324,324,"15625,702,174,1299,8075",3,"['c-p', 'p-p', 'p-p', 'p-c']",False
325,325,"15625,702,174,45489,8075",3,"['c-p', 'p-p', 'p-c', None]",False
326,326,"15625,702,174,56457,8075",3,"['c-p', 'p-p', 'p-c', None]",False
327,327,"15625,702,174,38008,8075",3,"['c-p', 'p-p', 'p-c', None]",False
328,328,"15625,702,174,20764,8075",3,"['c-p', 'p-p', 'p-c', 'p-p']",False
329,329,"15625,702,174,39384,8075",3,"['c-p', 'p-p', 'p-c', None]",False
330,330,"15625,702,174,47787,8075",3,"['c-p', 'p-p', 'p-c', 'p-p']",False
331,331,"15625,702,174,49544,8075",3,"['c-p', 'p-p', 'p-c', 'p-p']",False
332,332,"15625,702,174,3356,8075",3,"['c-p', 'p-p', 'p-p', 'p-c']",False
333,333,"15625,702,174,39351,8075",3,"['c-p', 'p-p', 'p-c', 'p-p']",False
334,334,"15625,702,174,50673,8075",3,"['c-p', 'p-p', 'p-c', 'p-p']",False
335,335,"15625,702,174,22652,8075",3,"['c-p', 'p-p', 'p-c', 'p-p']",False
336,336,"15625,702,174,13830,8075",3,"['c-p', 'p-p', 'p-c', 'p-p']",False
337,337,"15625,702,174,17639,8075",3,"['c-p', 'p-p', 'p-c', 'p-p']",False
338,338,"15625,702,174,134823,8075",3,"['c-p', 'p-p', 'p-c', None]",False
339,339,"15625,702,174,29049,8075",3,"['c-p', 'p-p', 'p-c', None]",False
340,340,"15625,702,174,60171,8075",3,"['c-p', 'p-p', 'p-c', 'p-p']",False
341,341,"15625,702,1103,8075",2,"['c-p', 'p-p', 'p-p']",False
342,342,"15625,702,1103,6830,8075",3,"['c-p', 'p-p', 'c-p', 'p-p']",False
343,343,"15625,702,1103,3257,8075",3,"['c-p', 'p-p', 'c-p', 'p-c']",False
344,344,"15625,702,1299,8888,8075",3,"['c-p', 'p-p', 'p-c', 'p-p']",False
345,345,"15625,702,1299,8075",2,"['c-p', 'p-p', 'p-c']",True
346,346,"15625,702,1299,12859,8075",3,"['c-p', 'p-p', 'p-c', 'p-p']",False
347,347,"15625,702,1299,42541,8075",3,"['c-p', 'p-p', 'p-c', 'p-p']",False
348,348,"15625,702,1299,16552,8075",3,"['c-p', 'p-p', 'p-c', 'p-p']",False
349,349,"15625,702,1299,58511,8075",3,"['c-p', 'p-p', 'p-c', 'p-p']",False
350,350,"15625,702,1299,199524,8075",3,"['c-p', 'p-p', 'p-c', 'p-p']",False
351,351,"15625,702,1299,267613,8075",3,"['c-p', 'p-p', 'p-c', 'p-p']",False
352,352,"15625,702,1299,49544,8075",3,"['c-p', 'p-p', 'p-c', 'p-p']",False
353,353,"15625,702,1299,6830,8075",3,"['c-p', 'p-p', 'p-p', 'p-p']",False
354,354,"15625,702,1299,3356,8075",3,"['c-p', 'p-p', 'p-p', 'p-c']",False
355,355,"15625,702,1299,174,8075",3,"['c-p', 'p-p', 'p-p', 'p-c']",False
356,356,"15625,702,1299,3257,8075",3,"['c-p', 'p-p', 'p-p', 'p-c']",False
357,357,"15625,702,1299,9002,8075",3,"['c-p', 'p-p', 'p-p', 'p-p']",False
358,358,"15625,702,1299,31027,8075",3,"['c-p', 'p-p', 'p-c', None]",False
359,359,"15625,702,1299,14840,8075",3,"['c-p', 'p-p', 'p-c', None]",False
360,360,"15625,702,1299,50629,8075",3,"['c-p', 'p-p', 'p-c', 'p-p']",False
361,361,"15625,702,1299,3214,8075",3,"['c-p', 'p-p', 'p-c', 'p-p']",False
362,362,"15625,702,1299,30950,8075",3,"['c-p', 'p-p', 'p-c', None]",False
363,363,"15625,702,1299,29049,8075",3,"['c-p', 'p-p', 'p-c', None]",False
364,364,"15625,702,1299,6758,8075",3,"['c-p', 'p-p', 'p-c', None]",False
365,365,"15625,702,1299,34549,8075",3,"['c-p', 'p-p', 'p-c', 'p-p']",False
366,366,"15625,702,1299,6939,8075",3,"['c-p', 'p-p', 'p-c', 'p-p']",False
367,367,"15625,702,1299,24961,8075",3,"['c-p', 'p-p', 'p-c', 'p-p']",False
368,368,"15625,702,1299,3491,8075",3,"['c-p', 'p-p', 'p-p', 'p-c']",False
369,369,"15625,702,1299,45489,8075",3,"['c-p', 'p-p', 'p-c', None]",False
370,370,"15625,702,1299,7029,8075",3,"['c-p', 'p-p', 'p-c', 'p-p']",False
371,371,"15625,702,1299,1257,8075",3,"['c-p', 'p-p', 'p-p', 'p-p']",False
372,372,"15625,702,1299,6461,8075",3,"['c-p', 'p-p', 'p-p', 'p-p']",False
373,373,"15625,702,1299,47787,8075",3,"['c-p', 'p-p', 'p-c', 'p-p']",False
374,374,"15625,702,1299,50628,8075",3,"['c-p', 'p-p', 'p-c', 'p-p']",False
375,375,"15625,702,1299,39351,8075",3,"['c-p', 'p-p', 'p-c', 'p-p']",False
376,376,"15625,702,1299,15435,8075",3,"['c-p', 'p-p', 'p-c', 'p-p']",False
377,377,"15625,702,1299,47147,8075",3,"['c-p', 'p-p', 'p-c', 'p-p']",False
378,378,"15625,702,1299,205206,8075",3,"['c-p', 'p-p', 'p-c', 'p-p']",False
379,379,"15625,702,1299,59605,8075",3,"['c-p', 'p-p', 'p-c', 'p-p']",False
380,380,"15625,702,1299,25160,8075",3,"['c-p', 'p-p', 'p-c', 'p-p']",False
381,381,"15625,702,1299,3216,8075",3,"['c-p', 'p-p', 'p-c', 'p-p']",False
382,382,"15625,702,1299,6453,8075",3,"['c-p', 'p-p', 'p-p', 'p-c']",False
383,383,"15625,702,1299,14907,8075",3,"['c-p', 'p-p', 'p-c', 'p-p']",False
384,384,"15625,702,1299,8455,8075",3,"['c-p', 'p-p', 'p-c', 'p-p']",False
385,385,"15625,702,1299,50304,8075",3,"['c-p', 'p-p', 'p-c', 'p-p']",False
386,386,"15625,702,1299,7018,8075",3,"['c-p', 'p-p', 'p-p', 'p-c']",False
387,387,"15625,702,1299,20514,8075",3,"['c-p', 'p-p', 'p-c', 'p-p']",False
388,388,"15625,702,1299,57866,8075",3,"['c-p', 'p-p', 'p-c', 'p-p']",False
389,389,"15625,702,1299,37721,8075",3,"['c-p', 'p-p', 'p-c', 'p-p']",False
390,390,"15625,702,1299,48362,8075",3,"['c-p', 'p-p', 'p-c', 'p-p']",False
391,391,"15625,702,1299,22652,8075",3,"['c-p', 'p-p', 'p-c', 'p-p']",False
392,392,"15625,702,1299,30781,8075",3,"['c-p', 'p-p', 'p-c', 'p-p']",False
393,393,"15625,702,1299,6696,8075",3,"['c-p', 'p-p', 'p-c', 'p-p']",False
394,394,"15625,702,1299,1403,8075",3,"['c-p', 'p-p', 'p-c', 'p-p']",False
395,395,"15625,702,1299,20205,8075",3,"['c-p', 'p-p', 'p-c', 'p-p']",False
396,396,"15625,702,1299,852,8075",3,"['c-p', 'p-p', 'p-c', 'p-p']",False
397,397,"15625,702,1299,4826,8075",3,"['c-p', 'p-p', 'p-c', 'p-c']",True
398,398,"15625,702,6830,8075",2,"['c-p', 'p-p', 'p-p']",False
399,399,"15625,702,6830,1103,8075",3,"['c-p', 'p-p', 'p-c', 'p-p']",False
400,400,"15625,702,6830,1299,8075",3,"['c-p', 'p-p', 'p-p', 'p-c']",False
401,401,"15625,702,6830,3356,8075",3,"['c-p', 'p-p', 'p-p', 'p-c']",False
402,402,"15625,702,6830,6453,8075",3,"['c-p', 'p-p', 'p-p', 'p-c']",False
403,403,"15625,702,6830,8888,8075",3,"['c-p', 'p-p', 'p-c', 'p-p']",False
404,404,"15625,702,6830,3214,8075",3,"['c-p', 'p-p', 'p-c', 'p-p']",False
405,405,"15625,702,3356,8075",2,"['c-p', 'p-p', 'p-c']",True
406,406,"15625,702,3356,8888,8075",3,"['c-p', 'p-p', 'p-c', 'p-p']",False
407,407,"15625,702,3356,267613,8075",3,"['c-p', 'p-p', 'p-c', 'p-p']",False
408,408,"15625,702,3356,1299,8075",3,"['c-p', 'p-p', 'p-p', 'p-c']",False
409,409,"15625,702,3356,6830,8075",3,"['c-p', 'p-p', 'p-p', 'p-p']",False
410,410,"15625,702,3356,3399,8075",3,"['c-p', 'p-p', 'p-c', 'p-p']",False
411,411,"15625,702,3356,37271,8075",3,"['c-p', 'p-p', 'p-c', 'p-p']",False
412,412,"15625,702,3356,9002,8075",3,"['c-p', 'p-p', 'p-c', 'p-p']",False
413,413,"15625,702,3356,31027,8075",3,"['c-p', 'p-p', 'p-c', None]",False
414,414,"15625,702,3356,49544,8075",3,"['c-p', 'p-p', 'p-c', 'p-p']",False
415,415,"15625,702,3356,24961,8075",3,"['c-p', 'p-p', 'p-c', 'p-p']",False
416,416,"15625,702,3356,701,8075",3,"['c-p', 'p-p', 'p-p', None]",False
417,417,"15625,702,3356,38008,8075",3,"['c-p', 'p-p', 'p-c', None]",False
418,418,"15625,702,3356,6453,8075",3,"['c-p', 'p-p', 'p-p', 'p-c']",False
419,419,"15625,702,3356,8932,8075",3,"['c-p', 'p-p', 'p-c', None]",False
420,420,"15625,702,3356,34549,8075",3,"['c-p', 'p-p', 'p-c', 'p-p']",False
421,421,"15625,702,3356,174,8075",3,"['c-p', 'p-p', 'p-p', 'p-c']",False
422,422,"15625,702,3356,6939,8075",3,"['c-p', 'p-p', 'p-c', 'p-p']",False
423,423,"15625,702,3356,20764,8075",3,"['c-p', 'p-p', 'p-c', 'p-p']",False
424,424,"15625,702,3356,36236,8075",3,"['c-p', 'p-p', 'p-c', None]",False
425,425,"15625,702,3356,50628,8075",3,"['c-p', 'p-p', 'p-c', 'p-p']",False
426,426,"15625,702,3356,59605,8075",3,"['c-p', 'p-p', 'p-c', 'p-p']",False
427,427,"15625,702,3356,8455,8075",3,"['c-p', 'p-p', 'p-c', 'p-p']",False
428,428,"15625,702,3356,13830,8075",3,"['c-p', 'p-p', 'p-c', 'p-p']",False
429,429,"15625,702,3356,852,8075",3,"['c-p', 'p-p', 'p-c', 'p-p']",False
430,430,"15625,702,3356,30781,8075",3,"['c-p', 'p-p', 'p-c', 'p-p']",False
431,431,"15625,702,3356,56655,8075",3,"['c-p', 'p-p', 'p-c', 'p-p']",False
432,432,"15625,702,3356,14907,8075",3,"['c-p', 'p-p', 'p-c', 'p-p']",False
433,433,"15625,702,3356,50300,8075",3,"['c-p', 'p-p', 'p-c', 'p-p']",False
434,434,"15625,702,3356,17639,8075",3,"['c-p', 'p-p', 'p-c', 'p-p']",False
435,435,"15625,702,3356,3216,8075",3,"['c-p', 'p-p', 'p-c', 'p-p']",False
436,436,"15625,702,3356,3491,8075",3,"['c-p', 'p-p', 'p-p', 'p-c']",False
437,437,"15625,702,3356,3257,8075",3,"['c-p', 'p-p', 'p-p', 'p-c']",False
438,438,"15625,702,3257,8075",2,"['c-p', 'p-p', 'p-c']",True
439,439,"15625,702,3257,38008,8075",3,"['c-p', 'p-p', None, None]",False
440,440,"15625,702,3257,3399,8075",3,"['c-p', 'p-p', 'p-c', 'p-p']",False
441,441,"15625,702,3257,1299,8075",3,"['c-p', 'p-p', 'p-p', 'p-c']",False
442,442,"15625,702,3257,6453,8075",3,"['c-p', 'p-p', 'p-p', 'p-c']",False
443,443,"15625,702,3257,36236,8075",3,"['c-p', 'p-p', 'p-c', None]",False
444,444,"15625,702,3257,50300,8075",3,"['c-p', 'p-p', 'p-c', 'p-p']",False
445,445,"15625,702,3257,852,8075",3,"['c-p', 'p-p', 'p-c', 'p-p']",False
446,446,"15625,702,3257,22652,8075",3,"['c-p', 'p-p', 'p-c', 'p-p']",False
447,447,"15625,702,3257,12779,8075",3,"['c-p', 'p-p', 'p-c', 'p-p']",False
448,448,"15625,702,3257,39591,8075",3,"['c-p', 'p-p', 'p-c', None]",False
449,449,"15625,702,3257,58511,8075",3,"['c-p', 'p-p', 'p-c', 'p-p']",False
450,450,"15625,702,3257,3356,8075",3,"['c-p', 'p-p', 'p-p', 'p-c']",False
451,451,"15625,702,3257,1103,8075",3,"['c-p', 'p-p', 'p-c', 'p-p']",False
452,452,"15625,702,9002,8075",2,"['c-p', 'p-p', 'p-p']",False
453,453,"15625,702,9002,1299,8075",3,"['c-p', 'p-p', 'p-p', 'p-c']",False
454,454,"15625,702,9002,3356,8075",3,"['c-p', 'p-p', 'c-p', 'p-c']",False
455,455,"15625,702,9002,8932,8075",3,"['c-p', 'p-p', 'p-c', None]",False
456,456,"15625,702,9002,48362,8075",3,"['c-p', 'p-p', 'p-c', 'p-p']",False
457,457,"15625,702,12552,31027,8075",3,"['c-p', 'p-p', 'p-c', None]",False
458,458,"15625,702,60171,8075",2,"['c-p', None, 'p-p']",False
459,459,"15625,702,60171,6939,8075",3,"['c-p', None, 'c-p', 'p-p']",False
460,460,"15625,702,60171,3491,8075",3,"['c-p', None, 'c-p', 'p-c']",False
461,461,"15625,702,60171,174,8075",3,"['c-p', None, 'c-p', 'p-c']",False
462,462,"15625,702,701,8075",2,"['c-p', 'c-p', None]",False
463,463,"15625,702,701,3491,8075",3,"['c-p', 'c-p', 'p-p', 'p-c']",True
464,464,"15625,702,701,3356,8075",3,"['c-p', 'c-p', 'p-p', 'p-c']",True
465,465,"15625,702,701,7018,8075",3,"['c-p', 'c-p', 'p-p', 'p-c']",True
466,466,"15625,702,3491,55720,8075",3,"['c-p', 'p-p', 'p-c', 'p-p']",False
467,467,"15625,702,3491,8075",2,"['c-p', 'p-p', 'p-c']",True
468,468,"15625,702,3491,197580,8075",3,"['c-p', 'p-p', 'p-c', None]",False
469,469,"15625,702,3491,134823,8075",3,"['c-p', 'p-p', 'p-c', None]",False
470,470,"15625,702,3491,701,8075",3,"['c-p', 'p-p', 'p-p', None]",False
471,471,"15625,702,3491,1299,8075",3,"['c-p', 'p-p', 'p-p', 'p-c']",False
472,472,"15625,702,3491,38001,8075",3,"['c-p', 'p-p', 'p-c', 'p-p']",False
473,473,"15625,702,3491,17639,8075",3,"['c-p', 'p-p', 'p-c', 'p-p']",False
474,474,"15625,702,3491,60171,8075",3,"['c-p', 'p-p', 'p-c', 'p-p']",False
475,475,"15625,702,3491,58511,8075",3,"['c-p', 'p-p', 'p-c', 'p-p']",False
476,476,"15625,702,3491,3356,8075",3,"['c-p', 'p-p', 'p-p', 'p-c']",False
477,477,"15625,702,3491,6453,8075",3,"['c-p', 'p-p', 'p-p', 'p-c']",False
478,478,"15625,702,3491,38008,8075",3,"['c-p', 'p-p', 'p-p', None]",False
479,479,"15625,702,6453,8075",2,"['c-p', 'p-p', 'p-c']",True
480,480,"15625,702,6453,3257,8075",3,"['c-p', 'p-p', 'p-p', 'p-c']",False
481,481,"15625,702,6453,4755,8075",3,"['c-p', 'p-p', 'p-c', 'p-c']",True
482,482,"15625,702,6453,3356,8075",3,"['c-p', 'p-p', 'p-p', 'p-c']",False
483,483,"15625,702,6453,50628,8075",3,"['c-p', 'p-p', 'p-c', 'p-p']",False
484,484,"15625,702,6453,6461,8075",3,"['c-p', 'p-p', 'p-p', 'p-p']",False
485,485,"15625,702,6453,3320,8075",3,"['c-p', 'p-p', 'p-p', 'p-p']",False
486,486,"15625,702,6453,1299,8075",3,"['c-p', 'p-p', 'p-p', 'p-c']",False
487,487,"15625,702,6453,8283,8075",3,"['c-p', 'p-p', 'p-p', 'p-p']",False
488,488,"15625,702,6453,50673,8075",3,"['c-p', 'p-p', 'p-c', 'p-p']",False
489,489,"15625,702,6453,57866,8075",3,"['c-p', 'p-p', 'p-c', 'p-p']",False
490,490,"15625,702,6453,1403,8075",3,"['c-p', 'p-p', 'p-c', 'p-p']",False
491,491,"15625,702,6453,6830,8075",3,"['c-p', 'p-p', 'p-p', 'p-p']",False
492,492,"15625,702,6453,3491,8075",3,"['c-p', 'p-p', 'p-p', 'p-c']",False
493,493,"15625,702,5511,34549,8075",3,"['c-p', 'p-p', 'p-c', 'p-p']",False
494,494,"15625,702,5511,37721,8075",3,"['c-p', 'p-p', 'p-c', 'p-p']",False
495,495,"15625,702,5511,30781,8075",3,"['c-p', 'p-p', 'p-c', 'p-p']",False
496,496,"15625,702,6939,8075",2,"['c-p', 'p-p', 'p-p']",False
497,497,"15625,702,6939,60171,8075",3,"['c-p', 'p-p', 'p-c', 'p-p']",False
498,498,"15625,702,6939,138195,8075",3,"['c-p', 'p-p', 'p-c', None]",False
499,499,"15625,702,6939,134823,8075",3,"['c-p', 'p-p', 'p-c', None]",False
500,500,"15625,702,6939,3212,8075",3,"['c-p', 'p-p', 'p-c', None]",False
501,501,"15625,702,6939,1299,8075",3,"['c-p', 'p-p', 'c-p', 'p-c']",False
502,502,"15625,702,6939,3356,8075",3,"['c-p', 'p-p', 'c-p', 'p-c']",False
503,503,"15625,702,6939,55720,8075",3,"['c-p', 'p-p', 'p-c', 'p-p']",False
504,504,"15625,702,6939,56655,8075",3,"['c-p', 'p-p', 'p-c', 'p-p']",False
505,505,"15625,702,6939,20205,8075",3,"['c-p', 'p-p', 'p-c', 'p-p']",False
506,506,"15625,702,6939,38001,8075",3,"['c-p', 'p-p', 'p-c', 'p-p']",False
507,507,"15625,702,6939,37721,8075",3,"['c-p', 'p-p', 'p-c', 'p-p']",False
508,508,"15625,702,1257,8075",2,"['c-p', None, 'p-p']",False
509,509,"15625,702,1257,1299,8075",3,"['c-p', None, 'p-p', 'p-c']",False
510,510,"15625,702,6461,8075",2,"['c-p', 'p-p', 'p-p']",False
511,511,"15625,702,6461,835,8075",3,"['c-p', 'p-p', 'p-c', None]",False
512,512,"15625,702,6461,1299,8075",3,"['c-p', 'p-p', 'p-p', 'p-c']",False
513,513,"15625,702,6461,6453,8075",3,"['c-p', 'p-p', 'p-p', 'p-c']",False
514,514,"15625,702,6461,8218,8075",3,"['c-p', 'p-p', 'p-c', 'p-p']",False
515,515,"15625,702,6461,1403,8075",3,"['c-p', 'p-p', 'p-c', 'p-p']",False
516,516,"15625,702,6461,7029,8075",3,"['c-p', 'p-p', 'p-c', 'p-p']",False
517,517,"15625,702,4637,6453,8075",3,"['c-p', 'p-p', 'p-p', 'p-c']",False
518,518,"15625,702,8359,20764,8075",3,"['c-p', 'p-p', 'p-p', 'p-p']",False
519,519,"15625,702,8359,1299,8075",3,"['c-p', 'p-p', 'p-p', 'p-c']",False
520,520,"15625,702,6762,14840,8075",3,"['c-p', 'p-p', 'p-c', None]",False
521,521,"15625,702,6762,56457,8075",3,"['c-p', 'p-p', 'p-c', None]",False
522,522,"15625,702,6762,174,8075",3,"['c-p', 'p-p', 'p-p', 'p-c']",False
523,523,"15625,702,6762,51185,8075",3,"['c-p', 'p-p', 'p-c', 'p-p']",False
524,524,"15625,702,6762,14907,8075",3,"['c-p', 'p-p', 'p-p', 'p-p']",False
525,525,"15625,702,6762,3356,8075",3,"['c-p', 'p-p', 'p-p', 'p-c']",False
526,526,"15625,702,6762,60171,8075",3,"['c-p', 'p-p', 'p-c', 'p-p']",False
527,527,"15625,702,6762,47787,8075",3,"['c-p', 'p-p', 'p-c', 'p-p']",False
528,528,"15625,702,3320,8075",2,"['c-p', 'p-p', 'p-p']",False
529,529,"15625,702,3320,35710,8075",3,"['c-p', 'p-p', 'p-c', 'p-p']",False
530,530,"15625,702,3320,6453,8075",3,"['c-p', 'p-p', 'p-p', 'p-c']",False
531,531,"15625,702,3320,24961,8075",3,"['c-p', 'p-p', 'p-c', 'p-p']",False
532,532,"15625,702,8218,8075",2,"['c-p', 'p-p', 'p-p']",False
533,533,"15625,702,8218,34019,8075",3,"['c-p', 'p-p', 'p-c', 'p-p']",False
534,534,"15625,702,8218,6461,8075",3,"['c-p', 'p-p', 'c-p', 'p-p']",False
535,535,"15625,702,15802,57187,8075",3,"['c-p', None, 'p-c', None]",False
536,536,"15625,702,15802,3356,8075",3,"['c-p', None, 'c-p', 'p-c']",False
537,537,"15625,702,12956,8075",2,"['c-p', 'p-p', 'p-c']",True
538,538,"15625,702,1239,6908,8075",3,"['c-p', 'p-p', 'p-c', 'p-p']",False
539,539,"15625,702,3333,1257,8075",3,"['c-p', 'p-p', 'c-p', 'p-p']",False
540,540,"15625,702,41327,59919,8075",3,"['c-p', 'p-p', 'p-c', 'p-p']",False
541,541,"15625,702,24724,49420,8075",3,"['c-p', 'p-p', 'p-p', 'p-p']",False
542,542,"15625,702,8881,201709,8075",3,"['c-p', 'p-p', 'p-c', None]",False
543,543,"15625,702,2119,20514,8075",3,"['c-p', 'p-p', 'p-p', 'p-p']",False
544,544,"15625,702,2119,6453,8075",3,"['c-p', 'p-p', 'p-p', 'p-c']",False
545,545,"15625,19905,22822,41805,8075",3,"['c-p', 'c-p', 'p-p', 'p-p']",False
546,546,"15625,19905,22822,1103,8075",3,"['c-p', 'c-p', 'p-p', 'p-p']",False
547,547,"15625,19905,22822,12859,8075",3,"['c-p', 'c-p', 'p-p', 'p-p']",False
548,548,"15625,19905,22822,12779,8075",3,"['c-p', 'c-p', 'p-p', 'p-p']",False
549,549,"15625,19905,22822,49544,8075",3,"['c-p', 'c-p', 'p-p', 'p-p']",False
550,550,"15625,19905,22822,1299,8075",3,"['c-p', 'c-p', 'c-p', 'p-c']",True
551,551,"15625,19905,22822,37271,8075",3,"['c-p', 'c-p', 'p-p', 'p-p']",False
552,552,"15625,19905,22822,9002,8075",3,"['c-p', 'c-p', 'p-p', 'p-p']",False
553,553,"15625,19905,22822,39591,8075",3,"['c-p', 'c-p', None, None]",False
554,554,"15625,19905,22822,42541,8075",3,"['c-p', 'c-p', 'p-p', 'p-p']",False
555,555,"15625,19905,22822,1140,8075",3,"['c-p', 'c-p', 'p-p', 'p-p']",False
556,556,"15625,19905,22822,6830,8075",3,"['c-p', 'c-p', 'p-p', 'p-p']",False
557,557,"15625,19905,22822,31027,8075",3,"['c-p', 'c-p', None, None]",False
558,558,"15625,19905,22822,6939,8075",3,"['c-p', 'c-p', 'p-p', 'p-p']",False
559,559,"15625,19905,22822,24961,8075",3,"['c-p', 'c-p', 'p-p', 'p-p']",False
560,560,"15625,19905,22822,701,8075",3,"['c-p', 'c-p', 'c-p', None]",False
561,561,"15625,19905,22822,20764,8075",3,"['c-p', 'c-p', 'p-p', 'p-p']",False
562,562,"15625,19905,22822,45489,8075",3,"['c-p', 'c-p', None, None]",False
563,563,"15625,19905,22822,3491,8075",3,"['c-p', 'c-p', 'c-p', 'p-c']",True
564,564,"15625,19905,22822,58453,8075",3,"['c-p', 'c-p', 'p-p', 'p-p']",False
565,565,"15625,19905,22822,50629,8075",3,"['c-p', 'c-p', 'p-p', 'p-p']",False
566,566,"15625,19905,22822,47787,8075",3,"['c-p', 'c-p', 'p-p', 'p-p']",False
567,567,"15625,19905,22822,8932,8075",3,"['c-p', 'c-p', None, None]",False
568,568,"15625,19905,22822,3356,8075",3,"['c-p', 'c-p', 'c-p', 'p-c']",True
569,569,"15625,19905,22822,59605,8075",3,"['c-p', 'c-p', 'p-p', 'p-p']",False
570,570,"15625,19905,22822,15435,8075",3,"['c-p', 'c-p', 'p-p', 'p-p']",False
571,571,"15625,19905,22822,47147,8075",3,"['c-p', 'c-p', 'p-p', 'p-p']",False
572,572,"15625,19905,22822,24482,8075",3,"['c-p', 'c-p', 'p-p', 'p-p']",False
573,573,"15625,19905,22822,6908,8075",3,"['c-p', 'c-p', 'p-p', 'p-p']",False
574,574,"15625,19905,22822,8218,8075",3,"['c-p', 'c-p', 'p-p', 'p-p']",False
575,575,"15625,19905,22822,8455,8075",3,"['c-p', 'c-p', 'p-p', 'p-p']",False
576,576,"15625,19905,22822,38001,8075",3,"['c-p', 'c-p', 'p-p', 'p-p']",False
577,577,"15625,19905,22822,30781,8075",3,"['c-p', 'c-p', 'p-p', 'p-p']",False
578,578,"15625,19905,22822,17639,8075",3,"['c-p', 'c-p', 'p-p', 'p-p']",False
579,579,"15625,19905,22822,3216,8075",3,"['c-p', 'c-p', 'p-p', 'p-p']",False
580,580,"15625,19905,22822,7029,8075",3,"['c-p', 'c-p', 'p-p', 'p-p']",False
581,581,"15625,19905,2914,3257,8075",3,"['c-p', 'c-p', 'p-p', 'p-c']",True
582,582,"15625,19905,2914,51088,8075",3,"['c-p', 'c-p', 'p-c', 'p-p']",False
583,583,"15625,19905,2914,12779,8075",3,"['c-p', 'c-p', 'p-c', 'p-p']",False
584,584,"15625,19905,2914,38880,8075",3,"['c-p', 'c-p', 'p-c', 'p-p']",False
585,585,"15625,19905,2914,6830,8075",3,"['c-p', 'c-p', 'p-p', 'p-p']",False
586,586,"15625,19905,2914,199524,8075",3,"['c-p', 'c-p', 'p-c', 'p-p']",False
587,587,"15625,19905,2914,16552,8075",3,"['c-p', 'c-p', 'p-c', 'p-p']",False
588,588,"15625,19905,2914,37271,8075",3,"['c-p', 'c-p', 'p-c', 'p-p']",False
589,589,"15625,19905,2914,49544,8075",3,"['c-p', 'c-p', 'p-c', 'p-p']",False
590,590,"15625,19905,2914,3491,8075",3,"['c-p', 'c-p', 'p-p', 'p-c']",True
591,591,"15625,19905,2914,1257,8075",3,"['c-p', 'c-p', 'p-p', 'p-p']",False
592,592,"15625,19905,2914,6461,8075",3,"['c-p', 'c-p', 'p-p', 'p-p']",False
593,593,"15625,19905,2914,3320,8075",3,"['c-p', 'c-p', 'p-p', 'p-p']",False
594,594,"15625,19905,2914,36236,8075",3,"['c-p', 'c-p', 'p-c', None]",False
595,595,"15625,19905,2914,701,8075",3,"['c-p', 'c-p', 'p-p', None]",False
596,596,"15625,19905,2914,3356,8075",3,"['c-p', 'c-p', 'p-p', 'p-c']",True
597,597,"15625,19905,2914,50629,8075",3,"['c-p', 'c-p', 'p-c', 'p-p']",False
598,598,"15625,19905,2914,25160,8075",3,"['c-p', 'c-p', 'p-c', 'p-p']",False
599,599,"15625,19905,2914,24482,8075",3,"['c-p', 'c-p', 'p-c', 'p-p']",False
600,600,"15625,19905,2914,6908,8075",3,"['c-p', 'c-p', 'p-c', 'p-p']",False
601,601,"15625,19905,2914,8455,8075",3,"['c-p', 'c-p', 'p-c', 'p-p']",False
602,602,"15625,19905,2914,12956,8075",3,"['c-p', 'c-p', 'p-p', 'p-c']",True
603,603,"15625,19905,2914,8283,8075",3,"['c-p', 'c-p', 'p-p', 'p-p']",False
604,604,"15625,19905,2914,6696,8075",3,"['c-p', 'c-p', 'p-c', 'p-p']",False
605,605,"15625,19905,2914,14907,8075",3,"['c-p', 'c-p', 'p-c', 'p-p']",False
606,606,"15625,19905,2914,55720,8075",3,"['c-p', 'c-p', 'p-c', 'p-p']",False
607,607,"15625,19905,2914,50300,8075",3,"['c-p', 'c-p', 'p-c', 'p-p']",False
608,608,"15625,19905,2914,7018,8075",3,"['c-p', 'c-p', 'p-p', 'p-c']",True
609,609,"15625,19905,2914,852,8075",3,"['c-p', 'c-p', 'p-c', 'p-p']",False
610,610,"15625,19905,2914,37721,8075",3,"['c-p', 'c-p', 'p-c', 'p-p']",False
611,611,"15625,19905,2914,38001,8075",3,"['c-p', 'c-p', 'p-c', 'p-p']",False
612,612,"15625,19905,2914,12859,8075",3,"['c-p', 'c-p', 'p-c', 'p-p']",False
613,613,"15625,19905,2914,47147,8075",3,"['c-p', 'c-p', 'p-c', 'p-p']",False
614,614,"15625,19905,2914,3399,8075",3,"['c-p', 'c-p', 'p-c', 'p-p']",False
615,615,"15625,19905,2914,30781,8075",3,"['c-p', 'c-p', 'p-c', 'p-p']",False
616,616,"15625,19905,38622,58511,8075",3,"['c-p', 'c-p', 'p-p', 'p-p']",False
617,617,"15625,19905,38622,38880,8075",3,"['c-p', 'c-p', 'p-p', 'p-p']",False
618,618,"15625,19905,38622,49544,8075",3,"['c-p', 'c-p', 'p-p', 'p-p']",False
619,619,"15625,19905,38622,4608,8075",3,"['c-p', 'c-p', 'p-p', 'p-p']",False
620,620,"15625,19905,38622,24482,8075",3,"['c-p', 'c-p', 'p-p', 'p-p']",False
621,621,"15625,19905,6453,8075",2,"['c-p', 'c-p', 'p-c']",True
622,622,"15625,19905,6453,3257,8075",3,"['c-p', 'c-p', 'p-p', 'p-c']",True
623,623,"15625,19905,6453,4755,8075",3,"['c-p', 'c-p', 'p-c', 'p-c']",True
624,624,"15625,19905,6453,3356,8075",3,"['c-p', 'c-p', 'p-p', 'p-c']",True
625,625,"15625,19905,6453,50628,8075",3,"['c-p', 'c-p', 'p-c', 'p-p']",False
626,626,"15625,19905,6453,6461,8075",3,"['c-p', 'c-p', 'p-p', 'p-p']",False
627,627,"15625,19905,6453,3320,8075",3,"['c-p', 'c-p', 'p-p', 'p-p']",False
628,628,"15625,19905,6453,1299,8075",3,"['c-p', 'c-p', 'p-p', 'p-c']",True
629,629,"15625,19905,6453,8283,8075",3,"['c-p', 'c-p', 'p-p', 'p-p']",False
630,630,"15625,19905,6453,50673,8075",3,"['c-p', 'c-p', 'p-c', 'p-p']",False
631,631,"15625,19905,6453,57866,8075",3,"['c-p', 'c-p', 'p-c', 'p-p']",False
632,632,"15625,19905,6453,1403,8075",3,"['c-p', 'c-p', 'p-c', 'p-p']",False
633,633,"15625,19905,6453,6830,8075",3,"['c-p', 'c-p', 'p-p', 'p-p']",False
634,634,"15625,19905,6453,3491,8075",3,"['c-p', 'c-p', 'p-p', 'p-c']",True
635,635,"15625,198949,2914,3257,8075",3,"['c-p', 'c-p', 'p-p', 'p-c']",True
636,636,"15625,198949,2914,51088,8075",3,"['c-p', 'c-p', 'p-c', 'p-p']",False
637,637,"15625,198949,2914,12779,8075",3,"['c-p', 'c-p', 'p-c', 'p-p']",False
638,638,"15625,198949,2914,38880,8075",3,"['c-p', 'c-p', 'p-c', 'p-p']",False
639,639,"15625,198949,2914,6830,8075",3,"['c-p', 'c-p', 'p-p', 'p-p']",False
640,640,"15625,198949,2914,199524,8075",3,"['c-p', 'c-p', 'p-c', 'p-p']",False
641,641,"15625,198949,2914,16552,8075",3,"['c-p', 'c-p', 'p-c', 'p-p']",False
642,642,"15625,198949,2914,37271,8075",3,"['c-p', 'c-p', 'p-c', 'p-p']",False
643,643,"15625,198949,2914,49544,8075",3,"['c-p', 'c-p', 'p-c', 'p-p']",False
644,644,"15625,198949,2914,3491,8075",3,"['c-p', 'c-p', 'p-p', 'p-c']",True
645,645,"15625,198949,2914,1257,8075",3,"['c-p', 'c-p', 'p-p', 'p-p']",False
646,646,"15625,198949,2914,6461,8075",3,"['c-p', 'c-p', 'p-p', 'p-p']",False
647,647,"15625,198949,2914,3320,8075",3,"['c-p', 'c-p', 'p-p', 'p-p']",False
648,648,"15625,198949,2914,36236,8075",3,"['c-p', 'c-p', 'p-c', None]",False
649,649,"15625,198949,2914,701,8075",3,"['c-p', 'c-p', 'p-p', None]",False
650,650,"15625,198949,2914,3356,8075",3,"['c-p', 'c-p', 'p-p', 'p-c']",True
651,651,"15625,198949,2914,50629,8075",3,"['c-p', 'c-p', 'p-c', 'p-p']",False
652,652,"15625,198949,2914,25160,8075",3,"['c-p', 'c-p', 'p-c', 'p-p']",False
653,653,"15625,198949,2914,24482,8075",3,"['c-p', 'c-p', 'p-c', 'p-p']",False
654,654,"15625,198949,2914,6908,8075",3,"['c-p', 'c-p', 'p-c', 'p-p']",False
655,655,"15625,198949,2914,8455,8075",3,"['c-p', 'c-p', 'p-c', 'p-p']",False
656,656,"15625,198949,2914,12956,8075",3,"['c-p', 'c-p', 'p-p', 'p-c']",True
657,657,"15625,198949,2914,8283,8075",3,"['c-p', 'c-p', 'p-p', 'p-p']",False
658,658,"15625,198949,2914,6696,8075",3,"['c-p', 'c-p', 'p-c', 'p-p']",False
659,659,"15625,198949,2914,14907,8075",3,"['c-p', 'c-p', 'p-c', 'p-p']",False
660,660,"15625,198949,2914,55720,8075",3,"['c-p', 'c-p', 'p-c', 'p-p']",False
661,661,"15625,198949,2914,50300,8075",3,"['c-p', 'c-p', 'p-c', 'p-p']",False
662,662,"15625,198949,2914,7018,8075",3,"['c-p', 'c-p', 'p-p', 'p-c']",True
663,663,"15625,198949,2914,852,8075",3,"['c-p', 'c-p', 'p-c', 'p-p']",False
664,664,"15625,198949,2914,37721,8075",3,"['c-p', 'c-p', 'p-c', 'p-p']",False
665,665,"15625,198949,2914,38001,8075",3,"['c-p', 'c-p', 'p-c', 'p-p']",False
666,666,"15625,198949,2914,12859,8075",3,"['c-p', 'c-p', 'p-c', 'p-p']",False
667,667,"15625,198949,2914,47147,8075",3,"['c-p', 'c-p', 'p-c', 'p-p']",False
668,668,"15625,198949,2914,3399,8075",3,"['c-p', 'c-p', 'p-c', 'p-p']",False
669,669,"15625,198949,2914,30781,8075",3,"['c-p', 'c-p', 'p-c', 'p-p']",False
670,670,"15625,198949,1299,8888,8075",3,"['c-p', 'c-p', 'p-c', 'p-p']",False
671,671,"15625,198949,1299,8075",2,"['c-p', 'c-p', 'p-c']",True
672,672,"15625,198949,1299,12859,8075",3,"['c-p', 'c-p', 'p-c', 'p-p']",False
673,673,"15625,198949,1299,42541,8075",3,"['c-p', 'c-p', 'p-c', 'p-p']",False
674,674,"15625,198949,1299,16552,8075",3,"['c-p', 'c-p', 'p-c', 'p-p']",False
675,675,"15625,198949,1299,58511,8075",3,"['c-p', 'c-p', 'p-c', 'p-p']",False
676,676,"15625,198949,1299,199524,8075",3,"['c-p', 'c-p', 'p-c', 'p-p']",False
677,677,"15625,198949,1299,267613,8075",3,"['c-p', 'c-p', 'p-c', 'p-p']",False
678,678,"15625,198949,1299,49544,8075",3,"['c-p', 'c-p', 'p-c', 'p-p']",False
679,679,"15625,198949,1299,6830,8075",3,"['c-p', 'c-p', 'p-p', 'p-p']",False
680,680,"15625,198949,1299,3356,8075",3,"['c-p', 'c-p', 'p-p', 'p-c']",True
681,681,"15625,198949,1299,174,8075",3,"['c-p', 'c-p', 'p-p', 'p-c']",True
682,682,"15625,198949,1299,3257,8075",3,"['c-p', 'c-p', 'p-p', 'p-c']",True
683,683,"15625,198949,1299,9002,8075",3,"['c-p', 'c-p', 'p-p', 'p-p']",False
684,684,"15625,198949,1299,31027,8075",3,"['c-p', 'c-p', 'p-c', None]",False
685,685,"15625,198949,1299,14840,8075",3,"['c-p', 'c-p', 'p-c', None]",False
686,686,"15625,198949,1299,50629,8075",3,"['c-p', 'c-p', 'p-c', 'p-p']",False
687,687,"15625,198949,1299,3214,8075",3,"['c-p', 'c-p', 'p-c', 'p-p']",False
688,688,"15625,198949,1299,30950,8075",3,"['c-p', 'c-p', 'p-c', None]",False
689,689,"15625,198949,1299,29049,8075",3,"['c-p', 'c-p', 'p-c', None]",False
690,690,"15625,198949,1299,6758,8075",3,"['c-p', 'c-p', 'p-c', None]",False
691,691,"15625,198949,1299,34549,8075",3,"['c-p', 'c-p', 'p-c', 'p-p']",False
692,692,"15625,198949,1299,6939,8075",3,"['c-p', 'c-p', 'p-c', 'p-p']",False
693,693,"15625,198949,1299,24961,8075",3,"['c-p', 'c-p', 'p-c', 'p-p']",False
694,694,"15625,198949,1299,3491,8075",3,"['c-p', 'c-p', 'p-p', 'p-c']",True
695,695,"15625,198949,1299,45489,8075",3,"['c-p', 'c-p', 'p-c', None]",False
696,696,"15625,198949,1299,7029,8075",3,"['c-p', 'c-p', 'p-c', 'p-p']",False
697,697,"15625,198949,1299,1257,8075",3,"['c-p', 'c-p', 'p-p', 'p-p']",False
698,698,"15625,198949,1299,6461,8075",3,"['c-p', 'c-p', 'p-p', 'p-p']",False
699,699,"15625,198949,1299,47787,8075",3,"['c-p', 'c-p', 'p-c', 'p-p']",False
700,700,"15625,198949,1299,50628,8075",3,"['c-p', 'c-p', 'p-c', 'p-p']",False
701,701,"15625,198949,1299,39351,8075",3,"['c-p', 'c-p', 'p-c', 'p-p']",False
702,702,"15625,198949,1299,15435,8075",3,"['c-p', 'c-p', 'p-c', 'p-p']",False
703,703,"15625,198949,1299,47147,8075",3,"['c-p', 'c-p', 'p-c', 'p-p']",False
704,704,"15625,198949,1299,205206,8075",3,"['c-p', 'c-p', 'p-c', 'p-p']",False
705,705,"15625,198949,1299,59605,8075",3,"['c-p', 'c-p', 'p-c', 'p-p']",False
706,706,"15625,198949,1299,25160,8075",3,"['c-p', 'c-p', 'p-c', 'p-p']",False
707,707,"15625,198949,1299,3216,8075",3,"['c-p', 'c-p', 'p-c', 'p-p']",False
708,708,"15625,198949,1299,6453,8075",3,"['c-p', 'c-p', 'p-p', 'p-c']",True
709,709,"15625,198949,1299,14907,8075",3,"['c-p', 'c-p', 'p-c', 'p-p']",False
710,710,"15625,198949,1299,8455,8075",3,"['c-p', 'c-p', 'p-c', 'p-p']",False
711,711,"15625,198949,1299,50304,8075",3,"['c-p', 'c-p', 'p-c', 'p-p']",False
712,712,"15625,198949,1299,7018,8075",3,"['c-p', 'c-p', 'p-p', 'p-c']",True
713,713,"15625,198949,1299,20514,8075",3,"['c-p', 'c-p', 'p-c', 'p-p']",False
714,714,"15625,198949,1299,57866,8075",3,"['c-p', 'c-p', 'p-c', 'p-p']",False
715,715,"15625,198949,1299,37721,8075",3,"['c-p', 'c-p', 'p-c', 'p-p']",False
716,716,"15625,198949,1299,48362,8075",3,"['c-p', 'c-p', 'p-c', 'p-p']",False
717,717,"15625,198949,1299,22652,8075",3,"['c-p', 'c-p', 'p-c', 'p-p']",False
718,718,"15625,198949,1299,30781,8075",3,"['c-p', 'c-p', 'p-c', 'p-p']",False
719,719,"15625,198949,1299,6696,8075",3,"['c-p', 'c-p', 'p-c', 'p-p']",False
720,720,"15625,198949,1299,1403,8075",3,"['c-p', 'c-p', 'p-c', 'p-p']",False
721,721,"15625,198949,1299,20205,8075",3,"['c-p', 'c-p', 'p-c', 'p-p']",False
722,722,"15625,198949,1299,852,8075",3,"['c-p', 'c-p', 'p-c', 'p-p']",False
723,723,"15625,198949,1299,4826,8075",3,"['c-p', 'c-p', 'p-c', 'p-c']",True
724,724,"15625,198949,3356,8075",2,"['c-p', 'c-p', 'p-c']",True
725,725,"15625,198949,3356,8888,8075",3,"['c-p', 'c-p', 'p-c', 'p-p']",False
726,726,"15625,198949,3356,267613,8075",3,"['c-p', 'c-p', 'p-c', 'p-p']",False
727,727,"15625,198949,3356,1299,8075",3,"['c-p', 'c-p', 'p-p', 'p-c']",True
728,728,"15625,198949,3356,6830,8075",3,"['c-p', 'c-p', 'p-p', 'p-p']",False
729,729,"15625,198949,3356,3399,8075",3,"['c-p', 'c-p', 'p-c', 'p-p']",False
730,730,"15625,198949,3356,37271,8075",3,"['c-p', 'c-p', 'p-c', 'p-p']",False
731,731,"15625,198949,3356,9002,8075",3,"['c-p', 'c-p', 'p-c', 'p-p']",False
732,732,"15625,198949,3356,31027,8075",3,"['c-p', 'c-p', 'p-c', None]",False
733,733,"15625,198949,3356,49544,8075",3,"['c-p', 'c-p', 'p-c', 'p-p']",False
734,734,"15625,198949,3356,24961,8075",3,"['c-p', 'c-p', 'p-c', 'p-p']",False
735,735,"15625,198949,3356,701,8075",3,"['c-p', 'c-p', 'p-p', None]",False
736,736,"15625,198949,3356,38008,8075",3,"['c-p', 'c-p', 'p-c', None]",False
737,737,"15625,198949,3356,6453,8075",3,"['c-p', 'c-p', 'p-p', 'p-c']",True
738,738,"15625,198949,3356,8932,8075",3,"['c-p', 'c-p', 'p-c', None]",False
739,739,"15625,198949,3356,34549,8075",3,"['c-p', 'c-p', 'p-c', 'p-p']",False
740,740,"15625,198949,3356,174,8075",3,"['c-p', 'c-p', 'p-p', 'p-c']",True
741,741,"15625,198949,3356,6939,8075",3,"['c-p', 'c-p', 'p-c', 'p-p']",False
742,742,"15625,198949,3356,20764,8075",3,"['c-p', 'c-p', 'p-c', 'p-p']",False
743,743,"15625,198949,3356,36236,8075",3,"['c-p', 'c-p', 'p-c', None]",False
744,744,"15625,198949,3356,50628,8075",3,"['c-p', 'c-p', 'p-c', 'p-p']",False
745,745,"15625,198949,3356,59605,8075",3,"['c-p', 'c-p', 'p-c', 'p-p']",False
746,746,"15625,198949,3356,8455,8075",3,"['c-p', 'c-p', 'p-c', 'p-p']",False
747,747,"15625,198949,3356,13830,8075",3,"['c-p', 'c-p', 'p-c', 'p-p']",False
748,748,"15625,198949,3356,852,8075",3,"['c-p', 'c-p', 'p-c', 'p-p']",False
749,749,"15625,198949,3356,30781,8075",3,"['c-p', 'c-p', 'p-c', 'p-p']",False
750,750,"15625,198949,3356,56655,8075",3,"['c-p', 'c-p', 'p-c', 'p-p']",False
751,751,"15625,198949,3356,14907,8075",3,"['c-p', 'c-p', 'p-c', 'p-p']",False
752,752,"15625,198949,3356,50300,8075",3,"['c-p', 'c-p', 'p-c', 'p-p']",False
753,753,"15625,198949,3356,17639,8075",3,"['c-p', 'c-p', 'p-c', 'p-p']",False
754,754,"15625,198949,3356,3216,8075",3,"['c-p', 'c-p', 'p-c', 'p-p']",False
755,755,"15625,198949,3356,3491,8075",3,"['c-p', 'c-p', 'p-p', 'p-c']",True
756,756,"15625,198949,3356,3257,8075",3,"['c-p', 'c-p', 'p-p', 'p-c']",True
